City_ID,City,Country,Date,Lat,Lng,Max Temp,Humidity,Cloudiness,Wind Speed
0,Qaanaaq,GL,2022-05-08 10:20:11,77.484,-69.3632,20.14,75,100,4.94
1,Mufumbwe,ZM,2022-05-08 10:20:11,-13.6833,24.8,81.82,42,27,4.7
2,Gravdal,NO,2022-05-08 10:20:12,68.1214,13.5031,38.17,62,100,21.54
3,Otavi,NA,2022-05-08 10:20:13,-19.65,17.3333,77.88,19,0,6.42
4,Punta Arenas,CL,2022-05-08 10:15:28,-53.15,-70.9167,44.11,81,40,26.46
5,Guaranda,EC,2022-05-08 10:20:14,-1.6,-79.0,55.06,83,66,3.8
6,Georgetown,MY,2022-05-08 10:17:33,5.4112,100.3354,89.53,72,40,10.36
7,Sioux Lookout,CA,2022-05-08 10:20:15,50.1001,-91.917,44.67,49,75,12.66
8,Carupano,VE,2022-05-08 10:20:15,10.6678,-63.2585,75.72,91,98,6.15
9,Hermanus,ZA,2022-05-08 10:19:27,-34.4187,19.2345,65.8,64,100,6.78
10,Beloha,MG,2022-05-08 10:20:16,-25.1667,45.05,86.2,43,1,5.68
11,Vila Franca Do Campo,PT,2022-05-08 10:17:48,37.7167,-25.4333,67.19,84,88,4.21
12,Ushuaia,AR,2022-05-08 10:17:30,-54.8,-68.3,44.26,65,75,29.93
13,Chuy,UY,2022-05-08 10:20:18,-33.6971,-53.4616,52.84,92,25,5.41
14,Ribeira Grande,PT,2022-05-08 10:17:30,38.5167,-28.7,63.0,72,20,5.75
15,Arraial Do Cabo,BR,2022-05-08 10:17:47,-22.9661,-42.0278,71.46,83,40,4.61
16,Cape Town,ZA,2022-05-08 10:18:55,-33.9258,18.4232,69.12,60,0,4.61
17,Bredasdorp,ZA,2022-05-08 10:20:19,-34.5322,20.0403,62.74,61,79,9.64
18,Hithadhoo,MV,2022-05-08 10:17:29,-0.6,73.0833,84.45,76,64,19.15
19,Saint George,US,2022-05-08 10:20:02,37.1041,-113.5841,70.39,14,0,8.05
20,Manali,IN,2022-05-08 10:20:21,13.1667,80.2667,93.29,80,100,15.88
21,Caala,AO,2022-05-08 10:20:22,-12.8525,15.5606,74.23,40,58,4.79
22,Purpe,RU,2022-05-08 10:20:22,64.4803,76.6897,32.56,100,51,11.59
23,Muzhi,RU,2022-05-08 10:20:23,65.3667,64.6667,41.54,100,100,7.96
24,Jiwani,PK,2022-05-08 10:20:24,25.05,61.7417,85.57,72,0,13.31
25,Saint-Denis,FR,2022-05-08 10:20:24,48.9167,2.3333,63.5,78,100,11.5
26,Busselton,AU,2022-05-08 10:17:50,-33.65,115.3333,62.62,79,16,7.61
27,Niksic,ME,2022-05-08 10:18:55,42.7731,18.9445,66.67,65,75,3.47
28,Carauari,BR,2022-05-08 10:20:26,-4.8828,-66.8958,71.42,100,100,1.66
29,Port-Gentil,GA,2022-05-08 10:20:27,-0.7193,8.7815,85.96,70,40,9.22
30,Dingle,PH,2022-05-08 10:20:27,10.9995,122.6711,83.03,74,56,7.92
31,Jamestown,US,2022-05-08 10:20:28,42.097,-79.2353,44.24,68,0,10.36
32,San Andres,CO,2022-05-08 10:20:28,12.5847,-81.7006,80.62,89,75,6.91
33,Tahta,EG,2022-05-08 10:20:29,26.7693,31.5021,95.88,10,14,2.68
34,Rodrigues Alves,BR,2022-05-08 10:20:30,-7.738,-72.6509,68.36,95,6,1.48
35,Manaure,CO,2022-05-08 10:20:30,11.7751,-72.4445,79.52,82,78,11.01
36,Bastia,FR,2022-05-08 10:20:31,42.6667,9.3333,69.6,65,0,9.22
37,Mahebourg,MU,2022-05-08 10:20:32,-20.4081,57.7,83.25,74,40,12.66
38,Tivaouane,SN,2022-05-08 10:20:32,14.9515,-16.8129,79.14,35,11,15.75
39,Keetmanshoop,NA,2022-05-08 10:20:33,-26.5833,18.1333,58.12,47,0,3.44
40,El Alto,PE,2022-05-08 10:20:34,-4.2714,-81.2147,67.5,78,51,13.35
41,Hamilton,US,2022-05-08 10:20:34,39.1834,-84.5333,49.05,90,0,10.36
42,Ponta Do Sol,PT,2022-05-08 10:20:35,32.6667,-17.1,72.72,67,56,3.71
43,Bambous Virieux,MU,2022-05-08 10:20:36,-20.3428,57.7575,83.21,74,40,12.66
44,Touros,BR,2022-05-08 10:20:36,-5.1989,-35.4608,76.46,90,95,10.54
45,Ilulissat,GL,2022-05-08 10:17:31,69.2167,-51.1,28.42,54,0,0.0
46,Luderitz,NA,2022-05-08 10:17:46,-26.6481,15.1594,69.49,32,0,7.94
47,Port Elizabeth,ZA,2022-05-08 10:17:31,-33.918,25.5701,67.1,65,75,14.97
48,Misratah,LY,2022-05-08 10:21:38,32.3754,15.0925,69.33,62,3,14.12
49,Puerto Leguizamo,CO,2022-05-08 10:21:39,-0.1934,-74.7819,68.95,98,89,0.6
50,Ostrovnoy,RU,2022-05-08 10:21:39,68.0531,39.5131,35.13,96,50,19.66
51,Augusto Correa,BR,2022-05-08 10:21:40,-1.0217,-46.635,74.16,98,100,0.92
52,Iqaluit,CA,2022-05-08 10:21:41,63.7506,-68.5145,17.33,79,20,3.44
53,Sechura,PE,2022-05-08 10:21:41,-5.5569,-80.8222,65.79,85,50,10.09
54,Mar Del Plata,AR,2022-05-08 10:20:59,-38.0023,-57.5575,54.95,93,33,11.99
55,Omboue,GA,2022-05-08 10:17:40,-1.5746,9.2618,85.98,67,33,3.87
56,Maragogi,BR,2022-05-08 10:21:43,-9.0122,-35.2225,76.93,84,74,6.51
57,Meulaboh,ID,2022-05-08 10:21:43,4.1363,96.1285,83.19,75,98,3.29
58,Hambantota,LK,2022-05-08 10:21:44,6.1241,81.1185,89.33,64,93,22.93
59,Pisco,PE,2022-05-08 10:21:45,-13.7,-76.2167,61.02,88,30,4.61
60,Adrar,MR,2022-05-08 10:17:52,20.5022,-10.0711,96.35,8,4,14.34
61,Namibe,AO,2022-05-08 10:17:36,-15.1961,12.1522,79.43,54,0,6.91
62,Aripuana,BR,2022-05-08 10:21:46,-9.1667,-60.6333,70.59,99,81,0.25
63,Nyuksenitsa,RU,2022-05-08 10:21:46,60.4128,44.2397,61.68,56,75,15.41
64,Upernavik,GL,2022-05-08 10:21:47,72.7868,-56.1549,8.73,77,38,5.08
65,Ancud,CL,2022-05-08 10:17:45,-41.8697,-73.8203,52.52,93,96,8.03
66,Bektemir,UZ,2022-05-08 10:21:48,41.2097,69.3342,93.25,21,0,9.22
67,Porbandar,IN,2022-05-08 10:16:53,21.6422,69.6093,90.52,53,0,17.76
68,Vestmanna,FO,2022-05-08 10:21:49,62.1564,-7.1664,47.32,93,100,14.97
69,Vardo,NO,2022-05-08 10:21:50,70.3705,31.1107,33.78,64,75,18.41
70,East London,ZA,2022-05-08 10:17:53,-33.0153,27.9116,67.14,68,20,16.11
71,Necochea,AR,2022-05-08 10:16:52,-38.5473,-58.7368,58.8,80,24,14.72
72,Victoria,HK,2022-05-08 10:18:28,22.2855,114.1577,80.65,79,100,7.0
73,Tocopilla,CL,2022-05-08 10:21:52,-22.092,-70.1979,61.3,81,43,4.03
74,Los Llanos De Aridane,ES,2022-05-08 10:21:53,28.6585,-17.9182,69.12,77,40,16.11
75,Abhar,IR,2022-05-08 10:21:53,36.1468,49.218,63.88,22,2,15.5
76,Saint-Philippe,RE,2022-05-08 10:21:54,-21.3585,55.7679,80.19,80,52,9.93
77,Zyryanovsk,KZ,2022-05-08 10:21:55,49.7386,84.2719,59.94,32,3,3.49
78,Hazorasp,UZ,2022-05-08 10:21:55,41.3194,61.0742,76.84,21,100,10.94
79,Dukhovnitskoye,RU,2022-05-08 10:21:56,52.4828,48.2137,58.15,37,10,8.7
80,Hearst,CA,2022-05-08 10:21:56,49.6835,-83.6665,34.05,69,81,6.24
81,Lodja,CD,2022-05-08 10:21:57,-3.4833,23.4333,85.03,58,99,3.51
82,San Cristobal,VE,2022-05-08 10:21:58,7.7669,-72.225,73.58,96,97,1.99
83,Hobyo,SO,2022-05-08 10:21:58,5.3505,48.5268,89.01,62,66,15.1
84,Port Alfred,ZA,2022-05-08 10:21:59,-33.5906,26.891,63.18,83,93,8.99
85,Tromso,NO,2022-05-08 10:22:00,69.6496,18.957,34.38,86,75,5.75
86,Longyearbyen,SJ,2022-05-08 10:17:32,78.2186,15.6401,19.24,58,20,23.02
87,Safranbolu,TR,2022-05-08 10:22:01,41.2508,32.6942,65.16,42,16,2.57
88,Ikom,NG,2022-05-08 10:22:01,5.9667,8.7063,89.94,57,100,0.38
89,Sao Joao Da Barra,BR,2022-05-08 10:22:02,-21.6403,-41.0511,71.69,90,5,10.36
90,Bonavista,CA,2022-05-08 10:22:02,48.6499,-53.1147,33.26,73,6,16.62
91,Grindavik,IS,2022-05-08 10:23:03,63.8424,-22.4338,49.95,100,75,20.71
92,Kajiado,KE,2022-05-08 10:23:04,-1.8524,36.7768,76.39,47,75,7.23
93,Miracema Do Tocantins,BR,2022-05-08 10:23:04,-9.5618,-48.3967,72.7,79,52,3.13
94,Rutana,BI,2022-05-08 10:23:05,-3.8667,30.1,67.37,76,51,6.69
95,Sailana,IN,2022-05-08 10:23:06,23.4667,74.9167,106.38,9,3,10.47
96,Puerto Narino,CO,2022-05-08 10:23:07,-3.7703,-70.3831,71.13,100,100,2.13
97,Laguna,US,2022-05-08 10:23:08,38.421,-121.4238,52.09,74,0,5.75
98,Bathsheba,BB,2022-05-08 10:23:08,13.2167,-59.5167,81.21,74,20,14.97
99,Alakurtti,RU,2022-05-08 10:23:09,66.9672,30.3491,40.26,59,98,12.41
100,Itapuranga,BR,2022-05-08 10:23:10,-15.5622,-49.9486,69.42,84,79,3.67
101,Ngama,TD,2022-05-08 10:23:10,11.7833,17.1667,100.85,25,60,4.45
102,Lebu,CL,2022-05-08 10:23:11,-37.6167,-73.65,53.11,94,27,5.53
103,Tasiilaq,GL,2022-05-08 10:17:52,65.6145,-37.6368,35.76,66,100,5.06
104,Hualmay,PE,2022-05-08 10:23:12,-11.0964,-77.6139,63.63,92,72,9.06
105,Elmira,US,2022-05-08 10:23:12,42.0898,-76.8077,36.79,89,0,0.0
106,Yarada,IN,2022-05-08 10:23:13,17.65,83.2667,89.92,66,40,13.8
107,Dikson,RU,2022-05-08 10:23:14,73.5069,80.5464,20.64,88,80,22.55
108,Sambalpur,IN,2022-05-08 10:22:56,21.45,83.9667,105.48,13,1,6.35
109,Vestmannaeyjar,IS,2022-05-08 10:23:15,63.4427,-20.2734,49.19,87,75,20.71
110,Santa Rosa,PH,2022-05-08 10:22:49,14.3122,121.1114,90.1,67,54,14.61
111,Torbay,CA,2022-05-08 10:23:17,47.6666,-52.7314,37.58,74,20,12.66
112,Dalvik,IS,2022-05-08 10:23:17,65.9702,-18.5286,42.73,89,100,5.84
113,Causapscal,CA,2022-05-08 10:23:18,48.3542,-67.227,30.85,75,4,0.96
114,Sinnamary,GF,2022-05-08 10:23:19,5.3833,-52.95,77.77,87,89,10.38
115,Timizart,DZ,2022-05-08 10:23:19,36.8,4.2667,65.55,54,28,5.23
116,Dalbandin,PK,2022-05-08 10:23:20,28.8947,64.4101,104.41,6,3,4.61
117,Sinjar,IQ,2022-05-08 10:23:21,36.3209,41.8754,69.93,31,40,5.08
118,Paita,PE,2022-05-08 10:23:21,-5.0892,-81.1144,65.98,85,43,10.87
119,Moville,US,2022-05-08 10:23:22,42.4889,-96.0725,55.04,82,100,13.04
120,Port Hawkesbury,CA,2022-05-08 10:23:23,45.6169,-61.3485,35.91,79,0,1.99
121,Villacidro,IT,2022-05-08 10:23:23,39.4578,8.7406,69.26,49,43,9.64
122,Sao Jose Da Coroa Grande,BR,2022-05-08 10:23:24,-8.8978,-35.1478,77.58,82,77,7.4
123,Bethanien,NA,2022-05-08 10:23:25,-26.502,17.1583,57.33,35,0,6.46
124,Piacabucu,BR,2022-05-08 10:23:25,-10.4056,-36.4344,78.21,79,19,5.91
125,Angoche,MZ,2022-05-08 10:23:26,-16.2325,39.9086,82.35,59,11,7.78
126,Waren,DE,2022-05-08 10:23:27,53.5167,12.6833,56.95,44,7,8.79
127,Llangefni,GB,2022-05-08 10:23:27,53.2556,-4.3106,62.65,70,20,12.66
128,Elliot,ZA,2022-05-08 10:23:28,-31.3333,27.85,51.66,81,99,5.41
129,Sladkovo,RU,2022-05-08 10:23:29,55.5284,70.3385,63.93,30,67,11.81
130,Cayenne,GF,2022-05-08 10:23:30,4.9333,-52.3333,81.09,1,100,4.0
131,Nurlat,RU,2022-05-08 10:23:30,54.4277,50.8051,60.46,32,0,7.43
132,Samarkand,UZ,2022-05-08 10:20:27,39.6542,66.9597,90.82,22,0,6.91
133,Tripoli,LY,2022-05-08 10:23:31,32.8752,13.1875,67.08,66,14,14.16
134,Strai,NO,2022-05-08 10:24:32,58.2,7.9,55.09,23,0,11.5
135,Bilma,NE,2022-05-08 10:24:33,18.6853,12.9164,102.43,9,98,11.03
136,Thunder Bay,CA,2022-05-08 10:23:28,48.4001,-89.3168,41.29,70,75,9.22
137,Valdivia,CL,2022-05-08 10:24:34,-39.8142,-73.2459,57.29,99,100,1.66
138,Lagoa,PT,2022-05-08 10:24:35,39.05,-27.9833,60.04,71,43,7.36
139,Angra Dos Reis,BR,2022-05-08 10:21:20,-23.0067,-44.3181,67.46,82,62,3.2
140,Oranjemund,NA,2022-05-08 10:24:36,-28.55,16.4333,63.59,53,2,9.31
141,Hofn,IS,2022-05-08 10:17:35,64.2539,-15.2082,45.81,92,100,7.61
142,Elat,IL,2022-05-08 10:24:36,29.5581,34.9482,84.04,18,73,9.22
143,Barra,BR,2022-05-08 10:24:37,-11.0894,-43.1417,70.12,67,15,5.23
144,Abu Samrah,SY,2022-05-08 10:24:38,35.3029,37.1841,72.07,28,1,5.86
145,Geraldton,AU,2022-05-08 10:24:39,-28.7667,114.6,72.01,68,3,8.05
146,Kem,RU,2022-05-08 10:24:39,64.9555,34.5793,44.53,45,28,15.52
147,Esmeraldas,BR,2022-05-08 10:24:40,-19.7625,-44.3139,69.91,93,5,3.85
148,Rocha,UY,2022-05-08 10:24:41,-34.4833,-54.3333,51.76,94,33,5.75
149,Maracacume,BR,2022-05-08 10:24:41,-2.0428,-45.9592,74.07,96,92,1.21
150,Saldanha,ZA,2022-05-08 10:24:42,-33.0117,17.9442,68.05,56,39,4.23
151,Qaqortoq,GL,2022-05-08 10:24:42,60.7167,-46.0333,38.28,73,100,6.51
152,Mogadishu,SO,2022-05-08 10:24:44,2.0371,45.3438,89.47,70,20,17.27
153,Rorvik,NO,2022-05-08 10:24:44,64.8621,11.2373,41.49,59,97,16.06
154,Dudinka,RU,2022-05-08 10:20:33,69.4058,86.1778,18.63,85,26,4.41
155,Letlhakane,BW,2022-05-08 10:24:46,-21.4167,25.5833,83.48,20,5,10.63
156,Sao Filipe,CV,2022-05-08 10:24:46,14.8961,-24.4956,72.41,79,35,15.93
157,Santa Cecilia,BR,2022-05-08 10:24:47,-26.9608,-50.4269,40.87,99,37,2.48
158,San Alberto,CO,2022-05-08 10:24:47,7.7611,-73.3922,74.71,90,100,3.53
159,Clyde River,CA,2022-05-08 10:24:48,70.4692,-68.5914,10.63,92,100,4.61
160,Gat,IL,2022-05-08 10:24:49,31.61,34.7642,79.79,30,22,8.37
161,Nanortalik,GL,2022-05-08 10:24:50,60.1432,-45.2371,36.66,87,100,3.42
162,Kousseri,CM,2022-05-08 10:24:50,12.0769,15.0306,103.1,23,91,1.95
163,Atar,MR,2022-05-08 10:24:51,20.5169,-13.0499,98.91,9,100,6.96
164,Klaksvik,FO,2022-05-08 10:24:52,62.2266,-6.589,49.12,92,100,22.17
165,Menongue,AO,2022-05-08 10:21:12,-14.6585,17.691,82.74,38,25,1.28
166,Marsa Matruh,EG,2022-05-08 10:24:53,31.3525,27.2453,80.8,36,40,10.36
167,Macherla,IN,2022-05-08 10:24:53,16.4833,79.4333,104.9,23,25,8.63
168,Belmonte,BR,2022-05-08 10:24:54,-15.8631,-38.8828,74.41,90,95,6.87
169,Algeciras,ES,2022-05-08 10:24:26,36.1333,-5.4505,65.88,72,20,6.91
170,Yar-Sale,RU,2022-05-08 10:24:55,66.8333,70.8333,34.14,100,100,13.82
171,Queimadas,BR,2022-05-08 10:24:56,-10.9783,-39.6264,69.75,89,95,5.84
172,Bengkulu,ID,2022-05-08 10:24:57,-3.8004,102.2655,84.43,70,93,5.7
173,Varniai,LT,2022-05-08 10:24:59,55.7406,22.3644,53.38,48,100,7.87
174,Khorixas,NA,2022-05-08 10:24:59,-20.3667,14.9667,80.6,19,0,4.45
175,Lafia,NG,2022-05-08 10:26:00,8.4833,8.5167,91.02,54,100,4.83
176,Hoshcha,UA,2022-05-08 10:26:01,50.6003,26.6744,66.85,46,88,4.5
177,Itarema,BR,2022-05-08 10:26:02,-2.9248,-39.9167,76.8,90,95,10.38
178,Bayir,TR,2022-05-08 10:26:02,37.2687,28.2167,72.12,24,15,5.79
179,Naron,ES,2022-05-08 10:26:03,43.5167,-8.1528,73.56,48,44,5.5
180,Saint-Augustin,CA,2022-05-08 10:26:04,51.226,-58.6502,31.12,74,12,9.57
181,Mpika,ZM,2022-05-08 10:26:04,-11.8343,31.4529,74.39,52,95,7.34
182,Idlib,SY,2022-05-08 10:26:05,35.9306,36.6339,72.0,33,1,8.9
183,Ullapool,GB,2022-05-08 10:26:06,57.8987,-5.1604,60.35,57,94,6.29
184,Havre-Saint-Pierre,CA,2022-05-08 10:26:06,50.2334,-63.5986,33.8,64,0,6.91
185,Biltine,TD,2022-05-08 10:26:07,14.5333,20.9167,105.75,5,12,10.29
186,Narsaq,GL,2022-05-08 10:26:08,60.9167,-46.05,52.02,67,100,3.56
187,Cockburn Town,TC,2022-05-08 10:26:09,21.4612,-71.1419,79.43,79,2,8.1
188,Savannah Bight,HN,2022-05-08 10:26:10,16.45,-85.85,81.81,83,87,17.34
189,Karakol,KG,2022-05-08 10:26:10,42.4907,78.3936,66.7,48,0,6.51
190,Antofagasta,CL,2022-05-08 10:26:11,-23.65,-70.4,60.08,85,48,2.1
191,Alto Araguaia,BR,2022-05-08 10:26:12,-17.3147,-53.2153,57.6,68,0,2.75
192,Altay,CN,2022-05-08 10:26:12,47.8667,88.1167,60.42,44,20,15.73
193,Luwingu,ZM,2022-05-08 10:26:13,-10.2621,29.9271,77.59,50,79,6.53
194,Souillac,MU,2022-05-08 10:26:14,-20.5167,57.5167,80.98,74,40,12.66
195,San Ramon,US,2022-05-08 10:21:34,37.7799,-121.978,50.83,69,0,9.22
196,Harper,LR,2022-05-08 10:26:15,4.375,-7.7169,82.47,80,98,8.88
197,Mantua,IT,2022-05-08 10:26:15,45.1667,10.7833,69.06,75,91,5.99
198,Poykovskiy,RU,2022-05-08 10:26:16,61.2333,73.3333,44.89,56,40,11.18
199,Kismayo,SO,2022-05-08 10:26:16,-0.3582,42.5454,85.64,70,65,17.65
200,Buta,CD,2022-05-08 10:26:17,2.7858,24.73,89.92,47,79,5.37
201,Murgab,TM,2022-05-08 10:26:18,37.4966,61.9714,84.07,42,100,11.5
202,Snasa,NO,2022-05-08 10:26:18,64.2457,12.3778,40.66,71,98,12.71
203,Muros,ES,2022-05-08 10:26:19,42.7762,-9.0603,72.09,54,63,4.03
204,Gamba,GA,2022-05-08 10:26:20,-2.65,10.0,85.77,67,21,4.61
205,Manjacaze,MZ,2022-05-08 10:26:21,-24.7117,33.8828,82.47,50,0,3.98
206,Caledon,ZA,2022-05-08 10:26:22,-34.23,19.4265,63.07,59,89,5.55
207,Tall Kayf,TR,2022-05-08 10:26:22,37.0833,41.0667,69.19,35,75,4.61
208,Henties Bay,NA,2022-05-08 10:26:23,-22.116,14.2845,62.76,64,0,5.5
209,Pangnirtung,CA,2022-05-08 10:26:24,66.1451,-65.7125,16.38,77,7,4.92
210,Kasongo-Lunda,CD,2022-05-08 10:26:24,-6.4667,16.8167,88.54,53,47,2.66
211,Kavaratti,IN,2022-05-08 10:26:25,10.5669,72.642,84.83,70,40,17.76
212,Rensvik,NO,2022-05-08 10:26:26,63.1,7.8167,46.06,75,40,12.66
213,Vari,GR,2022-05-08 10:26:27,37.8312,23.8081,75.61,47,33,5.01
214,Pozo Colorado,PY,2022-05-08 10:26:27,-23.4923,-58.7972,56.79,83,0,4.88
215,Matara,LK,2022-05-08 10:26:28,5.9485,80.5353,86.83,73,98,14.94
216,Bushehr,IR,2022-05-08 10:26:28,28.9684,50.8385,86.09,35,51,18.41
217,Coracora,PE,2022-05-08 10:26:29,-15.0333,-73.7833,44.83,79,64,2.19
218,Bonthe,SL,2022-05-08 10:27:30,7.5264,-12.505,76.66,85,100,4.32
219,Codrington,AU,2022-05-08 10:27:31,-38.2667,141.9667,51.48,73,49,4.38
220,Novyy Rogachik,RU,2022-05-08 10:27:32,48.6768,44.0608,65.3,27,26,12.68
221,Pallisa,UG,2022-05-08 10:27:32,1.145,33.7094,84.43,51,44,2.26
222,Berlevag,NO,2022-05-08 10:27:33,70.8578,29.0864,31.8,77,100,17.81
223,Dakar,SN,2022-05-08 10:24:28,14.6937,-17.4441,79.68,83,0,9.22
224,Machinga,MW,2022-05-08 10:27:34,-15.1685,35.3,82.9,44,34,1.54
225,Chazuta,PE,2022-05-08 10:27:34,-6.5742,-76.1367,70.39,98,82,1.72
226,Eskil,TR,2022-05-08 10:27:35,38.4017,33.4131,56.48,51,81,5.84
227,At-Bashi,KG,2022-05-08 10:27:36,41.1702,75.8106,69.94,21,0,2.82
228,Cheremnoye,RU,2022-05-08 10:27:36,53.1697,83.2133,52.39,24,5,10.13
229,Avallon,FR,2022-05-08 10:27:37,47.4833,3.9,64.99,69,10,8.88
230,Cumra,TR,2022-05-08 10:27:38,37.5732,32.7745,59.14,41,56,7.14
231,Fuerte Olimpo,PY,2022-05-08 10:27:24,-21.0415,-57.8738,60.53,77,3,3.89
232,Carnarvon,AU,2022-05-08 10:27:38,-24.8667,113.6333,73.47,78,43,6.91
233,Ajdabiya,LY,2022-05-08 10:27:39,30.7554,20.2263,79.7,29,0,16.58
234,Saint-Pierre,RE,2022-05-08 10:27:40,-21.3393,55.4781,80.28,69,75,6.91
235,Requena,ES,2022-05-08 10:23:23,39.4883,-1.1004,65.52,36,46,2.91
236,Marawi,PH,2022-05-08 10:27:41,7.9986,124.2928,72.32,96,100,3.13
237,Bosaso,SO,2022-05-08 10:27:41,11.2842,49.1816,89.58,66,0,11.5
238,Ugoofaaru,MV,2022-05-08 10:27:42,5.6667,73.0,85.19,70,68,16.62
239,Huancavelica,PE,2022-05-08 10:27:42,-12.7667,-74.9833,32.97,91,94,1.74
240,Marquette,US,2022-05-08 10:27:43,46.5333,-87.6335,41.77,56,85,8.41
241,Kargasok,RU,2022-05-08 10:27:44,59.0556,80.8572,43.68,35,13,9.64
242,Muravlenko,RU,2022-05-08 10:27:44,63.7898,74.523,33.67,100,94,11.5
243,Buribay,RU,2022-05-08 10:27:45,51.9617,58.1592,60.35,20,45,15.99
244,Nikolsk,RU,2022-05-08 10:27:46,53.7189,46.0712,58.53,38,85,5.55
245,Ndele,CF,2022-05-08 10:27:46,8.4109,20.6473,99.3,27,33,2.37
246,Itaituba,BR,2022-05-08 10:27:47,-4.2761,-55.9836,71.62,100,96,1.23
247,Walvis Bay,NA,2022-05-08 10:27:48,-22.9575,14.5053,66.58,45,0,4.14
248,Viedma,AR,2022-05-08 10:27:48,-40.8135,-62.9967,61.3,47,2,17.58
249,Jumilla,ES,2022-05-08 10:27:50,38.4792,-1.325,72.95,45,15,3.6
250,Piracuruca,BR,2022-05-08 10:27:50,-3.9281,-41.7092,74.82,93,98,2.15
251,Douentza,ML,2022-05-08 10:27:51,14.9951,-2.9517,103.23,8,8,15.64
252,Lagunas,PE,2022-05-08 10:27:51,-5.2269,-75.6753,70.56,99,99,1.86
253,Ati,TD,2022-05-08 10:27:52,13.2154,18.3353,104.07,16,74,3.2
254,Booue,GA,2022-05-08 10:27:53,-0.0921,11.9385,87.8,62,94,1.25
255,Pelym,RU,2022-05-08 10:27:53,61.0108,61.9978,64.02,34,81,11.16
256,Palpa,PE,2022-05-08 10:27:54,-14.5336,-75.1856,64.26,88,55,1.39
257,Santa Cruz,BO,2022-05-08 10:25:15,-17.8,-63.1667,68.05,73,40,3.44
258,Nunoa,PE,2022-05-08 10:27:55,-14.48,-70.6411,34.61,84,79,5.7
259,Soto,AR,2022-05-08 10:27:56,-32.8107,-61.4026,55.04,94,95,7.87
260,Port Blair,IN,2022-05-08 10:27:56,11.6667,92.75,86.04,79,75,13.8
261,Kaduqli,SD,2022-05-08 10:27:57,11.0167,29.7167,102.22,8,46,4.65
262,Ilinskoye-Khovanskoye,RU,2022-05-08 10:27:57,56.9718,39.7684,58.37,65,98,17.81
263,Kruisfontein,ZA,2022-05-08 10:27:58,-34.0033,24.7314,64.89,46,51,6.46
264,Opuwo,NA,2022-05-08 10:27:59,-18.0607,13.84,81.28,22,0,4.59
265,Bandarbeyla,SO,2022-05-08 10:27:59,9.4942,50.8122,88.48,64,9,18.77
266,Antalaha,MG,2022-05-08 10:29:00,-14.9003,50.2788,80.89,80,17,6.24
267,Coquimbo,CL,2022-05-08 10:26:20,-29.9533,-71.3436,55.13,100,100,3.44
268,Shihezi,CN,2022-05-08 10:29:01,44.3,86.0333,85.17,20,3,9.84
269,Zabol,AF,2022-05-08 10:29:02,32.25,67.25,88.05,9,0,17.9
270,Ziarat,PK,2022-05-08 10:29:02,30.3823,67.7282,80.89,9,1,9.91
271,Havoysund,NO,2022-05-08 10:29:03,70.9963,24.6622,32.23,69,100,20.51
272,Praia Da Vitoria,PT,2022-05-08 10:29:04,38.7333,-27.0667,63.75,77,20,4.09
273,Montgomery,US,2022-05-08 10:29:04,39.1501,-77.1997,43.66,93,100,8.05
274,Mansoa,GW,2022-05-08 10:29:05,12.0733,-15.3189,86.18,44,8,6.87
275,Marion,US,2022-05-08 10:29:05,39.7684,-86.1555,48.4,80,0,8.05
276,Kutum,SD,2022-05-08 10:29:06,14.2,24.6667,91.49,6,100,10.2
277,Olbia,IT,2022-05-08 10:29:07,40.9214,9.4856,68.05,56,20,9.22
278,Grand Gaube,MU,2022-05-08 10:29:07,-20.0064,57.6608,83.37,63,13,8.01
279,Manono,CD,2022-05-08 10:29:08,-7.3,27.4167,88.77,44,89,6.02
280,Yurginskoye,RU,2022-05-08 10:29:09,56.8189,67.3921,64.89,28,73,9.28
281,Tete,MZ,2022-05-08 10:29:09,-16.1564,33.5867,89.69,40,0,5.75
282,Zhezkazgan,KZ,2022-05-08 10:29:10,47.8043,67.7144,57.18,41,40,24.61
283,Zhob,PK,2022-05-08 10:29:11,31.3411,69.4481,97.48,6,1,14.94
284,Winsum,NL,2022-05-08 10:29:11,53.33,6.5208,58.98,65,11,10.69
285,Soyo,AO,2022-05-08 10:29:12,-6.1349,12.3689,83.39,72,11,5.66
286,Krasnoselkup,RU,2022-05-08 10:29:12,65.7,82.4667,25.77,72,6,9.04
287,Riyadh,SA,2022-05-08 10:29:13,24.6877,46.7219,91.54,10,4,7.85
288,Marathon,US,2022-05-08 10:24:29,44.9,-89.7668,47.73,47,0,8.05
289,Abu Dhabi,AE,2022-05-08 10:29:14,24.4667,54.3667,105.91,13,0,5.75
290,Cidreira,BR,2022-05-08 10:29:15,-30.1811,-50.2056,60.57,84,0,9.89
291,Santa Maria,BR,2022-05-08 10:29:16,-29.6842,-53.8069,51.1,100,100,3.44
292,Lewisporte,CA,2022-05-08 10:29:16,49.2499,-55.0482,33.55,63,3,8.05
293,Ust-Tsilma,RU,2022-05-08 10:29:17,65.441,52.1498,53.98,83,75,10.56
294,Korla,CN,2022-05-08 10:29:17,41.7597,86.1469,76.08,35,16,22.7
295,Skelleftea,SE,2022-05-08 10:29:18,64.7507,20.9528,44.96,31,0,12.66
296,Tartagal,AR,2022-05-08 10:29:19,-22.5164,-63.8013,61.79,72,90,2.13
297,Mahon,ES,2022-05-08 10:29:19,39.8885,4.2658,72.16,46,0,14.97
298,Terra Nova,BR,2022-05-08 10:29:20,-12.3667,-40.6667,63.88,91,48,3.09
299,Banda Aceh,ID,2022-05-08 10:29:21,5.5577,95.3222,85.64,70,71,14.65
300,Vila Velha,BR,2022-05-08 10:25:51,-20.3297,-40.2925,73.35,78,20,10.36
301,Sao Miguel,BR,2022-05-08 10:29:22,-5.4667,-35.3667,75.97,88,87,11.72
302,Artyshta,RU,2022-05-08 10:29:22,54.1222,86.2909,46.56,25,53,11.52
303,Burgeo,CA,2022-05-08 10:29:23,47.6167,-57.6152,36.07,66,0,8.41
304,Praia,CV,2022-05-08 10:26:04,14.9215,-23.5087,73.94,68,75,21.85
305,Pachino,IT,2022-05-08 10:29:24,36.7186,15.0907,64.8,68,13,18.45
306,Taoudenni,ML,2022-05-08 10:29:25,22.6783,-3.9836,93.87,6,31,20.71
307,Masuguru,TZ,2022-05-08 10:29:25,-11.3667,38.4167,86.56,52,73,5.23
308,Sambava,MG,2022-05-08 10:29:26,-14.2667,50.1667,83.39,67,47,9.91
309,Uruzgan,AF,2022-05-08 10:29:27,32.8333,66.0,88.36,11,1,8.68
310,Amarante Do Maranhao,BR,2022-05-08 10:29:27,-5.5667,-46.7422,71.82,89,100,2.13
311,Aquidauana,BR,2022-05-08 10:29:28,-20.4711,-55.7872,58.33,83,0,4.36
312,Playas,EC,2022-05-08 10:29:29,-2.6333,-80.3833,72.28,84,81,6.29
313,San Rafael Del Sur,NI,2022-05-08 10:29:29,11.8485,-86.4384,78.6,82,86,2.93
314,Touba,CI,2022-05-08 10:30:30,8.2833,-7.6833,88.29,52,79,3.29
315,Tukrah,LY,2022-05-08 10:30:31,32.5341,20.5791,69.28,60,0,12.3
316,Zharkent,KZ,2022-05-08 10:30:31,44.1628,80.0,83.34,22,8,3.24
317,Mehamn,NO,2022-05-08 10:30:32,71.0357,27.8492,29.61,86,99,13.29
318,Kangaatsiaq,GL,2022-05-08 10:30:32,68.3065,-53.4641,19.85,94,59,5.37
319,Lieksa,FI,2022-05-08 10:30:33,63.3167,30.0167,40.68,59,38,7.18
320,Saint-Leu,RE,2022-05-08 10:30:34,-21.15,55.2833,81.43,76,14,5.73
321,Kilindoni,TZ,2022-05-08 10:30:34,-7.9139,39.6668,81.48,75,19,17.27
322,Sarkand,KZ,2022-05-08 10:30:35,45.41,79.9186,70.63,40,21,9.37
323,Mitu,CO,2022-05-08 10:30:36,1.1983,-70.1733,70.7,100,100,1.68
324,Moratuwa,LK,2022-05-08 10:30:36,6.773,79.8816,87.82,84,100,11.07
325,Saint Anthony,US,2022-05-08 10:30:37,45.0205,-93.218,60.06,49,100,13.8
326,San Carlos,VE,2022-05-08 10:30:38,9.6612,-68.5827,74.08,89,77,1.99
327,Camacha,PT,2022-05-08 10:30:38,33.0833,-16.3333,62.02,59,75,14.97
328,Emba,KZ,2022-05-08 10:30:39,48.8264,58.1442,63.57,25,100,21.74
329,Myski,RU,2022-05-08 10:30:39,53.709,87.8014,48.36,25,63,9.89
330,Ratnagiri,IN,2022-05-08 10:30:40,16.9833,73.3,86.85,71,31,20.83
331,Calbuco,CL,2022-05-08 10:30:41,-41.768,-73.1273,54.61,94,97,6.49
332,Kulachi,PK,2022-05-08 10:30:41,31.9286,70.4592,108.09,9,0,7.47
333,Maniitsoq,GL,2022-05-08 10:30:42,65.4167,-52.9,29.59,60,1,6.06
334,Businga,CD,2022-05-08 10:30:43,3.3333,20.8833,94.06,41,78,4.32
335,Alta Floresta,BR,2022-05-08 10:30:43,-9.8756,-56.0861,70.97,96,57,1.66
336,Mahbubabad,IN,2022-05-08 10:30:44,17.6167,80.0167,97.23,29,71,7.7
337,Kamenka,RU,2022-05-08 10:30:45,51.3223,42.7678,61.74,31,0,3.69
338,Miranda,CO,2022-05-08 10:30:45,3.2499,-76.2281,64.53,88,95,3.74
339,Roald,NO,2022-05-08 10:30:46,62.5833,6.1333,49.33,49,0,8.05
340,Karaikkudi,IN,2022-05-08 10:30:46,10.0667,78.7833,99.79,31,100,4.54
341,Zemio,CF,2022-05-08 10:30:47,5.0314,25.1361,95.29,35,68,4.07
342,Esperanza,DO,2022-05-08 10:30:48,19.5847,-70.9849,70.38,95,10,3.74
343,Liman,UA,2022-05-08 10:30:49,48.9884,37.8023,64.49,29,10,3.51
344,Kudahuvadhoo,MV,2022-05-08 10:30:49,2.6708,72.8944,84.81,78,41,17.31
345,Sompeta,IN,2022-05-08 10:30:50,18.9333,84.6,86.02,65,25,10.76
346,Tiznit,MA,2022-05-08 10:30:50,29.5833,-9.5,90.81,8,75,7.4
347,Rozkishne,UA,2022-05-08 10:30:51,48.5074,39.3004,63.61,32,11,5.48
348,Shubarshi,KZ,2022-05-08 10:30:52,48.5872,57.1869,64.22,29,100,22.19
349,Veinticinco De Mayo,AR,2022-05-08 10:30:52,-35.4323,-60.1727,52.99,97,1,7.87
350,Sumbuya,SL,2022-05-08 10:30:53,7.6467,-11.9611,79.39,82,100,0.34
351,Qasigiannguit,GL,2022-05-08 10:30:54,68.8193,-51.1922,28.65,81,6,1.16
352,Kamina,CD,2022-05-08 10:30:55,-8.7386,24.9906,82.92,43,65,7.29
353,Rafsanjan,IR,2022-05-08 10:30:55,30.4067,55.9939,85.5,14,65,26.28
354,Lisala,CD,2022-05-08 10:30:56,2.15,21.5167,91.18,44,90,4.61
355,Westport,US,2022-05-08 10:30:20,41.1415,-73.3579,48.33,64,100,18.41
356,Bonoua,CI,2022-05-08 10:30:57,5.2741,-3.595,87.42,62,98,6.53
357,Marrakesh,MA,2022-05-08 10:30:57,31.6315,-8.0083,87.87,19,0,8.05
358,Planaltina,BR,2022-05-08 10:28:05,-15.4528,-47.6142,63.63,84,0,4.12
359,Chissamba,AO,2022-05-08 10:30:59,-12.1667,17.3333,75.38,44,7,4.88
360,Andenes,NO,2022-05-08 10:30:59,69.3143,16.1194,35.58,80,75,18.41
361,Gloversville,US,2022-05-08 10:32:00,43.0528,-74.3438,40.95,75,0,6.91
362,Novobirilyussy,RU,2022-05-08 10:32:01,56.9514,90.6661,40.98,32,100,10.92
363,Bibiani,GH,2022-05-08 10:32:01,6.4635,-2.3194,90.1,51,79,5.39
364,Takoradi,GH,2022-05-08 10:32:02,4.8845,-1.7554,84.87,69,82,4.99
365,Gabu,GW,2022-05-08 10:32:03,12.2833,-14.2167,93.85,32,8,7.94
366,Koregaon,IN,2022-05-08 10:32:03,18.65,74.0833,103.35,12,21,10.69
367,Baracoa,CU,2022-05-08 10:32:04,20.3467,-74.4958,75.47,84,31,5.21
368,Umtata,ZA,2022-05-08 10:32:05,-31.5889,28.7844,59.23,74,100,6.64
369,Inhambane,MZ,2022-05-08 10:32:05,-23.865,35.3833,84.18,61,20,9.22
370,La Romana,DO,2022-05-08 10:30:08,18.4273,-68.9728,75.06,84,2,6.04
371,Key West,US,2022-05-08 10:32:06,24.5557,-81.7826,82.4,81,40,9.22
372,Loveland,US,2022-05-08 10:31:44,40.3978,-105.075,53.71,62,100,9.22
373,Columbus,US,2022-05-08 10:27:27,39.9612,-82.9988,45.01,93,0,8.05
374,Lambarene,GA,2022-05-08 10:32:07,-0.7001,10.2406,86.02,74,75,2.48
375,Salalah,OM,2022-05-08 10:32:08,17.0151,54.0924,89.69,55,0,13.8
376,Grenada,ES,2022-05-08 10:32:09,37.1882,-3.6067,75.9,39,20,0.0
377,Kudymkar,RU,2022-05-08 10:32:09,59.0173,54.656,61.14,33,53,13.65
378,Tougan,BF,2022-05-08 10:32:10,13.0667,-3.0667,100.42,23,47,4.23
379,Sur,OM,2022-05-08 10:32:11,22.5667,59.5289,92.89,44,0,8.95
380,Castro,BR,2022-05-08 10:32:11,-24.7911,-50.0119,48.78,91,99,8.25
381,Vavuniya,LK,2022-05-08 10:32:12,8.7514,80.4971,86.4,72,100,7.27
382,Nizhnyaya Tavda,RU,2022-05-08 10:32:13,57.6731,66.1725,64.15,33,68,8.55
383,Albany,US,2022-05-08 10:30:02,42.6001,-73.9662,42.94,70,78,3.65
384,Najran,SA,2022-05-08 10:32:14,17.4924,44.1277,95.65,10,40,11.61
385,Bonga,ET,2022-05-08 10:32:15,7.2833,36.2333,81.25,46,40,4.85
386,Roxana,CR,2022-05-08 10:32:15,10.2753,-83.7513,73.04,95,64,2.66
387,San Joaquin,US,2022-05-08 10:32:16,37.9333,-121.3011,52.05,63,0,12.66
388,Songea,TZ,2022-05-08 10:32:16,-10.6833,35.65,76.68,53,71,4.5
389,Shache,CN,2022-05-08 10:32:17,38.4167,77.2406,89.69,11,0,7.38
390,Chiredzi,ZW,2022-05-08 10:32:18,-21.05,31.6667,87.3,32,14,5.01
391,Faya,SA,2022-05-08 10:32:18,18.3851,42.4509,84.72,24,0,2.59
392,Pimentel,PE,2022-05-08 10:32:19,-6.8367,-79.9342,64.0,91,97,12.75
393,Peniche,PT,2022-05-08 10:32:20,39.3558,-9.3811,79.09,75,38,9.44
394,Richards Bay,ZA,2022-05-08 10:32:20,-28.783,32.0377,70.72,74,94,16.8
395,Wielun,PL,2022-05-08 10:32:21,51.221,18.5696,64.69,55,96,5.39
396,Korampallam,IN,2022-05-08 10:32:22,8.7667,78.1,98.89,41,20,0.0
397,Kastamonu,TR,2022-05-08 10:32:22,41.5,33.6667,51.82,55,59,7.63
398,Nantucket,US,2022-05-08 10:32:23,41.2835,-70.0995,48.31,72,100,24.16
399,Kozhva,RU,2022-05-08 10:32:24,65.1073,57.0459,55.11,74,42,12.35
400,Aklera,IN,2022-05-08 10:32:24,24.4167,76.5667,108.37,8,0,10.42
401,Zaysan,KZ,2022-05-08 10:32:25,47.4667,84.8667,59.76,20,57,14.45
402,Acarau,BR,2022-05-08 10:32:26,-2.8856,-40.12,78.69,86,95,12.12
403,Gorele,TR,2022-05-08 10:32:27,41.0308,39.0031,52.47,81,100,8.21
404,Scarborough,GB,2022-05-08 10:32:27,54.2797,-0.4044,57.78,72,84,5.99
405,Kurchum,KZ,2022-05-08 10:32:28,48.5722,83.6542,58.64,24,50,19.53
406,Koygorodok,RU,2022-05-08 10:32:28,60.445,50.9968,61.97,38,83,13.67
407,Straumen,NO,2022-05-08 10:32:29,63.8709,11.2999,41.0,65,91,13.29
408,Portoferraio,IT,2022-05-08 10:33:30,42.8115,10.3146,76.08,63,20,0.0
409,Olive Branch,US,2022-05-08 10:33:30,34.9618,-89.8295,53.28,94,0,4.61
410,Marilia,BR,2022-05-08 10:33:31,-22.2139,-49.9458,56.39,83,25,7.45
411,Road Town,VG,2022-05-08 10:32:02,18.4167,-64.6167,78.89,82,16,14.81
412,Mocuba,MZ,2022-05-08 10:33:32,-16.8392,36.9856,81.9,56,46,2.26
413,Komsomolskiy,UZ,2022-05-08 10:33:33,40.4272,71.7189,90.32,17,0,6.91
414,Kyabe,TD,2022-05-08 10:33:33,9.4515,18.9449,103.24,23,82,2.28
415,Reconquista,AR,2022-05-08 10:30:12,-29.15,-59.65,52.97,89,91,6.13
416,Balkhash,KZ,2022-05-08 10:33:34,46.844,74.9804,68.61,13,0,24.61
417,Bermeo,ES,2022-05-08 10:33:35,43.4209,-2.7215,70.41,67,65,5.37
418,Tabas,IR,2022-05-08 10:33:36,33.5959,56.9244,96.26,10,37,14.29
419,Plouzane,FR,2022-05-08 10:33:36,48.3833,-4.6167,66.38,59,0,10.36
420,Statesboro,US,2022-05-08 10:33:37,32.4488,-81.7832,60.6,82,100,4.61
421,Purificacion,CO,2022-05-08 10:33:38,3.8587,-74.9313,71.11,93,94,1.68
422,Nur,PL,2022-05-08 10:33:38,52.6683,22.3221,64.24,64,73,11.43
423,Brae,GB,2022-05-08 10:33:39,60.3964,-1.353,49.53,74,100,18.81
424,Verkhovye,RU,2022-05-08 10:33:39,52.8119,37.2425,57.51,59,42,12.68
425,Nouadhibou,MR,2022-05-08 10:33:40,20.931,-17.0347,66.18,82,40,16.11
426,Nsanje,MW,2022-05-08 10:33:41,-16.92,35.262,89.74,38,3,3.67
427,Surt,LY,2022-05-08 10:33:42,31.2089,16.5887,73.18,45,36,8.88
428,Tazovskiy,RU,2022-05-08 10:32:15,67.4667,78.7,26.15,91,17,11.01
429,Clarksville,US,2022-05-08 10:28:53,36.5298,-87.3595,50.25,95,0,0.0
430,Manpur,IN,2022-05-08 10:33:43,22.4333,75.6167,103.89,9,29,10.67
431,Owando,CG,2022-05-08 10:33:43,-0.4819,15.8999,93.2,44,69,1.83
432,Chapais,CA,2022-05-08 10:33:44,49.7834,-74.8492,24.58,84,8,3.53
433,Yenagoa,NG,2022-05-08 10:33:45,4.9247,6.2642,90.1,57,70,5.46
434,Tara,RU,2022-05-08 10:33:45,56.8944,74.371,53.8,61,87,5.37
435,Zelezniki,SI,2022-05-08 10:33:46,46.2333,14.1667,67.12,37,100,5.64
436,South Venice,US,2022-05-08 10:33:46,27.0531,-82.4243,77.99,86,75,8.05
437,Joensuu,FI,2022-05-08 10:33:47,62.6012,29.7632,45.09,42,0,14.97
438,Neyshabur,IR,2022-05-08 10:33:48,36.2133,58.7958,82.17,23,71,5.17
439,Acari,PE,2022-05-08 10:33:48,-15.4311,-74.6158,64.96,87,41,2.17
440,Kidal,ML,2022-05-08 10:33:49,18.4411,1.4078,100.04,6,7,11.83
441,Manaus,BR,2022-05-08 10:33:50,-3.1019,-60.025,77.49,100,75,2.3
442,Diapaga,BF,2022-05-08 10:33:50,12.0708,1.7889,98.46,30,75,6.17
443,Male,MV,2022-05-08 10:33:51,4.1748,73.5089,87.75,79,75,19.57
444,Sernur,RU,2022-05-08 10:33:52,56.9333,49.1536,59.88,39,63,14.65
445,Oistins,BB,2022-05-08 10:33:52,13.0667,-59.5333,80.69,74,20,14.97
446,Gunjur,GM,2022-05-08 10:33:53,13.2019,-16.7339,82.47,47,0,8.05
447,Srivardhan,IN,2022-05-08 10:33:54,18.0333,73.0167,86.95,70,13,20.58
448,Conde,BR,2022-05-08 10:33:54,-7.2597,-34.9075,72.86,94,0,9.22
449,Nedryhayliv,UA,2022-05-08 10:33:55,50.834,33.8763,64.24,52,94,12.1
450,Vytegra,RU,2022-05-08 10:33:55,61.0064,36.4481,44.22,71,100,6.96
451,Mana,GF,2022-05-08 10:33:56,5.6592,-53.7767,79.0,84,100,9.64
452,Morondava,MG,2022-05-08 10:33:57,-20.2833,44.2833,81.63,63,0,10.45
453,Khipro,PK,2022-05-08 10:33:57,25.8285,69.3772,112.69,8,0,15.43
454,Tandil,AR,2022-05-08 10:30:03,-37.3217,-59.1332,57.69,100,30,4.61
455,Santa Maria Da Vitoria,BR,2022-05-08 10:34:59,-13.3947,-44.1886,75.22,61,99,6.69
456,Ghogha,IN,2022-05-08 10:34:59,21.6833,72.2833,104.11,29,20,12.66
457,Ilmajoki,FI,2022-05-08 10:35:00,62.7333,22.5667,48.97,36,0,13.8
458,Kvareli,GE,2022-05-08 10:35:00,41.9524,45.8151,55.06,86,100,2.98
459,Carballo,ES,2022-05-08 10:35:01,43.213,-8.691,74.62,62,41,4.94
460,Isla Mujeres,MX,2022-05-08 10:35:02,21.2311,-86.731,78.85,86,1,11.59
461,Jumla,NP,2022-05-08 10:35:02,29.2747,82.1838,60.33,70,97,4.18
462,Padang,ID,2022-05-08 10:32:38,-0.9492,100.3543,86.05,81,100,0.58
463,Mira,IT,2022-05-08 10:33:28,45.4358,12.1348,71.06,61,20,14.97
464,Rincon,US,2022-05-08 10:35:04,32.296,-81.2354,62.83,82,20,6.91
465,Pell City,US,2022-05-08 10:32:57,33.5862,-86.2861,53.78,96,0,0.0
466,Botwood,CA,2022-05-08 10:35:05,49.1499,-55.3482,33.91,50,1,8.03
467,Ijui,BR,2022-05-08 10:30:09,-28.3878,-53.9147,51.82,87,11,5.5
468,Paamiut,GL,2022-05-08 10:35:06,61.994,-49.6678,32.9,82,91,14.34
469,Dunda,TZ,2022-05-08 10:35:07,-8.1167,34.25,84.99,37,18,5.35
470,Ouadda,CF,2022-05-08 10:35:07,8.0777,22.4007,95.36,32,90,2.62
471,Iquitos,PE,2022-05-08 10:31:25,-3.7481,-73.2472,75.24,100,75,2.3
472,Camana,PE,2022-05-08 10:35:08,-16.6228,-72.7111,64.99,86,69,7.47
473,Marsaxlokk,MT,2022-05-08 10:35:09,35.8419,14.5431,68.61,64,20,16.11
474,Peoria,US,2022-05-08 10:35:09,40.7667,-89.7668,53.69,59,0,13.8
475,Ayagoz,KZ,2022-05-08 10:35:10,47.9714,80.4392,56.17,21,61,24.9
476,Sayat,TM,2022-05-08 10:35:11,38.7839,63.8803,100.27,11,72,7.87
477,Djibo,BF,2022-05-08 10:35:11,14.1022,-1.6306,103.3,13,41,8.08
478,Orocue,CO,2022-05-08 10:35:12,4.7912,-71.3354,71.92,96,85,2.37
479,Boralday,KZ,2022-05-08 10:35:13,43.3578,76.8594,81.61,32,36,8.61
480,Tulghes,RO,2022-05-08 10:35:13,46.95,25.7667,62.76,71,54,3.76
481,Cap Malheureux,MU,2022-05-08 10:35:14,-19.9842,57.6142,83.46,62,10,8.99
482,Khargapur,IN,2022-05-08 10:35:14,24.823,79.144,109.09,8,5,9.86
483,Cervo,ES,2022-05-08 10:35:15,43.6702,-7.4101,62.67,73,48,10.63
484,Puerto Quijarro,BO,2022-05-08 10:35:16,-17.7833,-57.7667,63.97,51,4,1.72
485,La Palma,US,2022-05-08 10:35:16,33.8464,-118.0467,64.35,82,100,11.5
486,Sergeyevka,KZ,2022-05-08 10:35:17,53.88,67.4158,63.36,20,69,3.74
487,Veraval,IN,2022-05-08 10:35:18,20.9,70.3667,87.46,64,0,19.55
488,Patur,IN,2022-05-08 10:35:18,20.45,76.9333,107.33,10,38,8.9
489,Talcahuano,CL,2022-05-08 10:35:19,-36.7167,-73.1167,53.28,94,100,6.91
490,Baherove,UA,2022-05-08 10:35:20,45.3742,36.2971,56.39,52,100,12.62
491,Newbury,GB,2022-05-08 10:35:21,51.4003,-1.3206,64.67,75,34,7.87
492,Capreol,CA,2022-05-08 10:35:21,46.706,-80.9225,41.47,38,0,9.22
493,Kilakarai,IN,2022-05-08 10:35:22,9.2333,78.7833,89.91,63,100,16.17
494,Inta,RU,2022-05-08 10:35:23,66.0317,60.1659,53.13,76,89,17.11
495,Kuusamo,FI,2022-05-08 10:34:09,65.9667,29.1833,41.04,42,20,16.11
496,Skibbereen,IE,2022-05-08 10:35:24,51.55,-9.2667,56.1,86,87,10.51
497,Nakonde,ZM,2022-05-08 10:35:24,-9.3421,32.745,75.61,51,31,7.2
498,Port Antonio,JM,2022-05-08 10:35:25,18.18,-76.4612,78.71,81,39,5.3
499,Saint-Joseph,RE,2022-05-08 10:35:26,-21.3667,55.6167,79.18,79,36,7.18
500,Mattoon,US,2022-05-08 10:36:27,39.4831,-88.3728,49.95,66,0,8.05
501,Lisa,RO,2022-05-08 10:36:27,43.8,25.1333,67.71,32,56,9.01
502,Mayumba,GA,2022-05-08 10:36:28,-3.432,10.6554,82.38,75,63,6.73
503,Kisangani,CD,2022-05-08 10:36:29,0.5167,25.2,83.44,72,90,4.0
504,Lindi,TZ,2022-05-08 10:36:29,-10.0,39.7167,88.83,50,48,5.66
505,Baijiantan,CN,2022-05-08 10:36:30,45.6333,85.1833,86.07,19,43,20.11
506,Porto Novo,BJ,2022-05-08 10:36:31,6.4965,2.6036,87.62,62,83,8.97
507,Niono,ML,2022-05-08 10:36:31,14.2526,-5.993,101.8,18,20,12.08
508,Saint-Francois,FR,2022-05-08 10:36:32,46.4154,3.9054,70.68,56,20,5.75
509,Nevel,RU,2022-05-08 10:36:32,56.0209,29.9284,54.16,47,99,9.57
510,Gouyave,GD,2022-05-08 10:36:33,12.1646,-61.7296,79.57,78,75,18.41
511,Kataysk,RU,2022-05-08 10:36:34,56.289,62.5841,65.07,28,64,7.61
512,Dongargaon,IN,2022-05-08 10:36:34,20.9667,80.85,107.65,9,22,8.21
513,Mitsamiouli,KM,2022-05-08 10:36:35,-11.3847,43.2844,82.45,73,40,7.7
514,La Rioja,ES,2022-05-08 10:36:36,42.25,-2.5,60.58,43,62,8.39
515,Bubaque,GW,2022-05-08 10:36:37,11.2833,-15.8333,76.59,67,11,3.76
516,Nilagiri,IN,2022-05-08 10:36:37,21.4582,86.7722,88.56,51,19,14.09
517,Ostersund,SE,2022-05-08 10:36:38,63.1792,14.6357,41.61,52,0,13.8
518,Buenos Aires,AR,2022-05-08 10:34:30,-34.6132,-58.3772,59.95,96,0,5.75
519,Nuuk,GL,2022-05-08 10:36:39,64.1835,-51.7216,30.81,80,0,9.22
520,Sovetskiy,RU,2022-05-08 10:36:40,61.3614,63.5842,63.95,33,80,11.63
521,Sao Felix Do Xingu,BR,2022-05-08 10:36:41,-6.6447,-51.995,73.67,94,76,0.63
522,Lodhran,PK,2022-05-08 10:36:41,29.5405,71.6336,115.23,5,0,6.55
523,Charlestown,AU,2022-05-08 10:36:42,-32.95,151.6667,58.41,79,0,1.01
524,Ust-Tarka,RU,2022-05-08 10:36:43,55.5672,75.705,54.16,56,97,9.66
525,Kapoeta,SS,2022-05-08 10:36:43,4.7717,33.5903,95.47,32,70,9.31
526,Bujaru,BR,2022-05-08 10:36:44,-1.515,-48.0447,73.87,98,100,1.57
527,Uberlandia,BR,2022-05-08 10:36:45,-18.9186,-48.2772,67.21,88,75,5.75
528,The Valley,AI,2022-05-08 10:36:45,18.217,-63.0578,77.09,81,96,15.97
529,Margate,GB,2022-05-08 10:36:38,51.3813,1.3862,59.31,68,2,5.99
530,Husavik,IS,2022-05-08 10:36:46,66.0449,-17.3389,42.96,81,100,5.93
531,Lokosovo,RU,2022-05-08 10:36:47,61.1333,74.8167,44.6,70,95,6.6
532,Tuni,IN,2022-05-08 10:36:48,17.35,82.55,83.97,72,81,6.44
533,Puerto Colombia,CO,2022-05-08 10:36:48,10.9878,-74.9547,75.29,81,65,5.88
534,Belousovka,KZ,2022-05-08 10:36:49,50.1339,82.5239,58.05,15,0,20.13
535,Baraya,CO,2022-05-08 10:36:49,3.1533,-75.0531,68.88,86,67,2.06
536,Svetlyy,RU,2022-05-08 10:36:50,54.675,20.1347,52.97,67,90,10.02
537,Kalmunai,LK,2022-05-08 10:36:51,7.4167,81.8167,87.89,66,100,8.19
538,Mabaruma,GY,2022-05-08 10:36:51,8.2,-59.7833,74.14,98,93,2.44
539,Razole,IN,2022-05-08 10:36:52,16.4833,81.8333,89.42,58,89,7.45
540,Qandala,SO,2022-05-08 10:36:53,11.472,49.8728,91.08,51,6,7.4
541,Kourou,GF,2022-05-08 10:36:54,5.1552,-52.6478,81.1,85,83,9.89
542,Santander,ES,2022-05-08 10:36:54,43.4647,-3.8044,67.6,81,0,8.01
